Fecha,TIIE
30/04/2014,3.7950
02/05/2014,3.7905
05/05/2014,3.8000
06/05/2014,3.8050
07/05/2014,3.7980
08/05/2014,3.8010
09/05/2014,3.8149
12/05/2014,3.7987
13/05/2014,3.7935
14/05/2014,3.8090
15/05/2014,3.8171
16/05/2014,3.8075
19/05/2014,3.8084
20/05/2014,3.7948
21/05/2014,3.8000
22/05/2014,3.8085
23/05/2014,3.8072
26/05/2014,3.8160
27/05/2014,3.7915
28/05/2014,3.8085
29/05/2014,3.7968
30/05/2014,3.7858
02/06/2014,3.7785
03/06/2014,3.8043
04/06/2014,3.8085
05/06/2014,3.8095
06/06/2014,3.8085
09/06/2014,3.3250
10/06/2014,3.3220
11/06/2014,3.3160
12/06/2014,3.3093
13/06/2014,3.3091
16/06/2014,3.3118
17/06/2014,3.3075
18/06/2014,3.3095
19/06/2014,3.3100
20/06/2014,3.3100
23/06/2014,3.3184
24/06/2014,3.3100
25/06/2014,3.3075
26/06/2014,3.3125
27/06/2014,3.3087
30/06/2014,3.3050
01/07/2014,3.3075
02/07/2014,3.3077
03/07/2014,3.3125
04/07/2014,3.3068
07/07/2014,3.3008
08/07/2014,3.2960
09/07/2014,3.2919
10/07/2014,3.2945
11/07/2014,3.2940
14/07/2014,3.3074
15/07/2014,3.3095
16/07/2014,3.2972
17/07/2014,3.2970
18/07/2014,3.2932
21/07/2014,3.2821
22/07/2014,3.2891
23/07/2014,3.2850
24/07/2014,3.2875
25/07/2014,3.2936
28/07/2014,3.2910
29/07/2014,3.2886
30/07/2014,3.3023
31/07/2014,3.3075
01/08/2014,3.3100
04/08/2014,3.3000
05/08/2014,3.3125
06/08/2014,3.2965
07/08/2014,3.2970
08/08/2014,3.2935
11/08/2014,3.2980
12/08/2014,3.2972
13/08/2014,3.3010
14/08/2014,3.2941
15/08/2014,3.3025
18/08/2014,3.2983
19/08/2014,3.2925
20/08/2014,3.2864
21/08/2014,3.3025
22/08/2014,3.3025
25/08/2014,3.2975
26/08/2014,3.3025
27/08/2014,3.2925
28/08/2014,3.2951
29/08/2014,3.2975
01/09/2014,3.2860
02/09/2014,3.2910
03/09/2014,3.2910
04/09/2014,3.2950
05/09/2014,3.2826
08/09/2014,3.2925
09/09/2014,3.2925
10/09/2014,3.2926
11/09/2014,3.2818
12/09/2014,3.2930
15/09/2014,3.2926
17/09/2014,3.3065
18/09/2014,3.2900
19/09/2014,3.2975
22/09/2014,3.2975
23/09/2014,3.2865
24/09/2014,3.2820
25/09/2014,3.2825
26/09/2014,3.2768
29/09/2014,3.2741
30/09/2014,3.2916
01/10/2014,3.2793
02/10/2014,3.2896
03/10/2014,3.3000
06/10/2014,3.2950
07/10/2014,3.2950
08/10/2014,3.3050
09/10/2014,3.2975
10/10/2014,3.2996
13/10/2014,3.2900
14/10/2014,3.3031
15/10/2014,3.2965
16/10/2014,3.2886
17/10/2014,3.2835
20/10/2014,3.2850
21/10/2014,3.2975
22/10/2014,3.3000
23/10/2014,3.2950
24/10/2014,3.2875
27/10/2014,3.2838
28/10/2014,3.2950
29/10/2014,3.2903
30/10/2014,3.2762
31/10/2014,3.2810
03/11/2014,3.2800
04/11/2014,3.2938
05/11/2014,3.2819
06/11/2014,3.2755
07/11/2014,3.2798
10/11/2014,3.2762
11/11/2014,3.2746
12/11/2014,3.2950
13/11/2014,3.2950
14/11/2014,3.2800
18/11/2014,3.2800
19/11/2014,3.2775
20/11/2014,3.2775
21/11/2014,3.2977
24/11/2014,3.3025
25/11/2014,3.2975
26/11/2014,3.2904
27/11/2014,3.2957
28/11/2014,3.3085
01/12/2014,3.2965
02/12/2014,3.3025
03/12/2014,3.2941
04/12/2014,3.2875
05/12/2014,3.2850
08/12/2014,3.2975
09/12/2014,3.2975
10/12/2014,3.3007
11/12/2014,3.2928
15/12/2014,3.2975
16/12/2014,3.2975
17/12/2014,3.2996
18/12/2014,3.2996
19/12/2014,3.2996
22/12/2014,3.2975
23/12/2014,3.3112
24/12/2014,3.3120
26/12/2014,3.3060
29/12/2014,3.3020
30/12/2014,3.3066
31/12/2014,3.3110
02/01/2015,3.3205
05/01/2015,3.3240
06/01/2015,3.3225
07/01/2015,3.3050
08/01/2015,3.3000
09/01/2015,3.3075
12/01/2015,3.3000
13/01/2015,3.2885
14/01/2015,3.2991
15/01/2015,3.2975
16/01/2015,3.3025
19/01/2015,3.2962
20/01/2015,3.3017
21/01/2015,3.2900
22/01/2015,3.2950
23/01/2015,3.2925
26/01/2015,3.2975
27/01/2015,3.3039
28/01/2015,3.2977
29/01/2015,3.3050
30/01/2015,3.2875
03/02/2015,3.2950
04/02/2015,3.3010
05/02/2015,3.3000
06/02/2015,3.2925
09/02/2015,3.2910
10/02/2015,3.2975
11/02/2015,3.2955
12/02/2015,3.2891
13/02/2015,3.3029
16/02/2015,3.2961
17/02/2015,3.2975
18/02/2015,3.3000
19/02/2015,3.3000
20/02/2015,3.2950
23/02/2015,3.2925
24/02/2015,3.3000
25/02/2015,3.3025
26/02/2015,3.3041
27/02/2015,3.2925
02/03/2015,3.2987
03/03/2015,3.2900
04/03/2015,3.2934
05/03/2015,3.2953
06/03/2015,3.2875
09/03/2015,3.3037
10/03/2015,3.3050
11/03/2015,3.3075
12/03/2015,3.3100
13/03/2015,3.3025
17/03/2015,3.3112
18/03/2015,3.3140
19/03/2015,3.3090
20/03/2015,3.2990
23/03/2015,3.3030
24/03/2015,3.3050
25/03/2015,3.3083
26/03/2015,3.3075
27/03/2015,3.3100
30/03/2015,3.3050
31/03/2015,3.2955
01/04/2015,3.2990
06/04/2015,3.2950
07/04/2015,3.3000
08/04/2015,3.2900
09/04/2015,3.3050
10/04/2015,3.3100
13/04/2015,3.3082
14/04/2015,3.3000
15/04/2015,3.3000
16/04/2015,3.2780
17/04/2015,3.2850
20/04/2015,3.2950
21/04/2015,3.2955
22/04/2015,3.2970
23/04/2015,3.2930
24/04/2015,3.3046
27/04/2015,3.3000
28/04/2015,3.2900
29/04/2015,3.2875
30/04/2015,3.2975
04/05/2015,3.3062
05/05/2015,3.3000
06/05/2015,3.2950
07/05/2015,3.3075
08/05/2015,3.3000
11/05/2015,3.3000
12/05/2015,3.3000
13/05/2015,3.3065
14/05/2015,3.3020
15/05/2015,3.3000
18/05/2015,3.2935
19/05/2015,3.2995
20/05/2015,3.2945
21/05/2015,3.3100
22/05/2015,3.2990
25/05/2015,3.3072
26/05/2015,3.3050
27/05/2015,3.3000
28/05/2015,3.3025
29/05/2015,3.2950
01/06/2015,3.3000
02/06/2015,3.3089
03/06/2015,3.3075
04/06/2015,3.3000
05/06/2015,3.3100
08/06/2015,3.3105
09/06/2015,3.3094
10/06/2015,3.3000
11/06/2015,3.2950
12/06/2015,3.3145
15/06/2015,3.3025
16/06/2015,3.3050
17/06/2015,3.3080
18/06/2015,3.3100
19/06/2015,3.3100
22/06/2015,3.3025
23/06/2015,3.3088
24/06/2015,3.3025
25/06/2015,3.2975
26/06/2015,3.2950
29/06/2015,3.3025
30/06/2015,3.3025
01/07/2015,3.3100
02/07/2015,3.3025
03/07/2015,3.3037
06/07/2015,3.3000
07/07/2015,3.2988
08/07/2015,3.2925
09/07/2015,3.2966
10/07/2015,3.2960
13/07/2015,3.2956
14/07/2015,3.2987
15/07/2015,3.3075
16/07/2015,3.3095
17/07/2015,3.3025
20/07/2015,3.3000
21/07/2015,3.3042
22/07/2015,3.3087
23/07/2015,3.3050
24/07/2015,3.3075
27/07/2015,3.3100
28/07/2015,3.3130
29/07/2015,3.3050
30/07/2015,3.3025
31/07/2015,3.3112
03/08/2015,3.3140
04/08/2015,3.3075
05/08/2015,3.3100
06/08/2015,3.3132
07/08/2015,3.3100
10/08/2015,3.3134
11/08/2015,3.3095
12/08/2015,3.3075
13/08/2015,3.3075
14/08/2015,3.3116
17/08/2015,3.3100
18/08/2015,3.3130
19/08/2015,3.3100
20/08/2015,3.3173
21/08/2015,3.3210
24/08/2015,3.3199
25/08/2015,3.3321
26/08/2015,3.3260
27/08/2015,3.3300
28/08/2015,3.3260
31/08/2015,3.3300
01/09/2015,3.3350
02/09/2015,3.3350
03/09/2015,3.3358
04/09/2015,3.3350
07/09/2015,3.3340
08/09/2015,3.3390
09/09/2015,3.3420
10/09/2015,3.3425
11/09/2015,3.3436
14/09/2015,3.3444
15/09/2015,3.3439
17/09/2015,3.3465
18/09/2015,3.3415
21/09/2015,3.3257
22/09/2015,3.3300
23/09/2015,3.3289
24/09/2015,3.3200
25/09/2015,3.3225
28/09/2015,3.3250
29/09/2015,3.3250
30/09/2015,3.3250
01/10/2015,3.3225
02/10/2015,3.3247
05/10/2015,3.3125
06/10/2015,3.3100
07/10/2015,3.3134
08/10/2015,3.3050
09/10/2015,3.3106
12/10/2015,3.3100
13/10/2015,3.3025
14/10/2015,3.3050
15/10/2015,3.3000
16/10/2015,3.3000
19/10/2015,3.3080
20/10/2015,3.3100
21/10/2015,3.3000
22/10/2015,3.3000
23/10/2015,3.2925
26/10/2015,3.2900
27/10/2015,3.2900
28/10/2015,3.3037
29/10/2015,3.3000
30/10/2015,3.3000
03/11/2015,3.3025
04/11/2015,3.3000
05/11/2015,3.3005
06/11/2015,3.3025
09/11/2015,3.3025
10/11/2015,3.3099
11/11/2015,3.3150
12/11/2015,3.3100
13/11/2015,3.3200
17/11/2015,3.3260
18/11/2015,3.3225
19/11/2015,3.3318
20/11/2015,3.3225
23/11/2015,3.3325
24/11/2015,3.3260
25/11/2015,3.3300
26/11/2015,3.3230
27/11/2015,3.3150
30/11/2015,3.3175
01/12/2015,3.3116
02/12/2015,3.3250
03/12/2015,3.3358
04/12/2015,3.3400
07/12/2015,3.3300
08/12/2015,3.3400
09/12/2015,3.3500
10/12/2015,3.3600
11/12/2015,3.3525
14/12/2015,3.3555
15/12/2015,3.3400
16/12/2015,3.3621
17/12/2015,3.3825
18/12/2015,3.4250
21/12/2015,3.4715
22/12/2015,3.5042
23/12/2015,3.5300
24/12/2015,3.5316
28/12/2015,3.5350
29/12/2015,3.5505
30/12/2015,3.5525
31/12/2015,3.5475
04/01/2016,3.5550
05/01/2016,3.5575
06/01/2016,3.5540
07/01/2016,3.5600
08/01/2016,3.5600
11/01/2016,3.5545
12/01/2016,3.5539
13/01/2016,3.5505
14/01/2016,3.5579
15/01/2016,3.5543
18/01/2016,3.5547
19/01/2016,3.5598
20/01/2016,3.5551
21/01/2016,3.5540
22/01/2016,3.5600
25/01/2016,3.5545
26/01/2016,3.5600
27/01/2016,3.5610
28/01/2016,3.5600
29/01/2016,3.5551
02/02/2016,3.5570
03/02/2016,3.5550
04/02/2016,3.5588
05/02/2016,3.5600
08/02/2016,3.5616
09/02/2016,3.5580
10/02/2016,3.5598
11/02/2016,3.5541
12/02/2016,3.5550
15/02/2016,3.5476
16/02/2016,3.5483
17/02/2016,3.5543
18/02/2016,4.0350
19/02/2016,4.0303
22/02/2016,4.0350
23/02/2016,4.0316
24/02/2016,4.0507
25/02/2016,4.0547
26/02/2016,4.0555
29/02/2016,4.0501
01/03/2016,4.0594
02/03/2016,4.0577
03/03/2016,4.0600
04/03/2016,4.0601
07/03/2016,4.0640
08/03/2016,4.0625
09/03/2016,4.0606
10/03/2016,4.0601
11/03/2016,4.0606
14/03/2016,4.0613
15/03/2016,4.0625
16/03/2016,4.0645
17/03/2016,4.0647
18/03/2016,4.0648
22/03/2016,4.0660
23/03/2016,4.0650
28/03/2016,4.0674
29/03/2016,4.0650
30/03/2016,4.0625
31/03/2016,4.0650
01/04/2016,4.0650
04/04/2016,4.0625
05/04/2016,4.0650
06/04/2016,4.0653
07/04/2016,4.0661
08/04/2016,4.0650
11/04/2016,4.0624
12/04/2016,4.0625
13/04/2016,4.0625
14/04/2016,4.0618
15/04/2016,4.0650
18/04/2016,4.0650
19/04/2016,4.0652
20/04/2016,4.0626
21/04/2016,4.0650
22/04/2016,4.0650
25/04/2016,4.0625
26/04/2016,4.0650
27/04/2016,4.0655
28/04/2016,4.0650
29/04/2016,4.0650
02/05/2016,4.0655
03/05/2016,4.0650
04/05/2016,4.0625
05/05/2016,4.0633
06/05/2016,4.0638
09/05/2016,4.0650
10/05/2016,4.0611
11/05/2016,4.0599
12/05/2016,4.0603
13/05/2016,4.0607
16/05/2016,4.0650
17/05/2016,4.0660
18/05/2016,4.0650
19/05/2016,4.0650
20/05/2016,4.0812
23/05/2016,4.0775
24/05/2016,4.0936
25/05/2016,4.1081
26/05/2016,4.1125
27/05/2016,4.0950
30/05/2016,4.0975
31/05/2016,4.0970
01/06/2016,4.1000
02/06/2016,4.0958
03/06/2016,4.0965
06/06/2016,4.0926
07/06/2016,4.0915
08/06/2016,4.0886
09/06/2016,4.0925
10/06/2016,4.0869
13/06/2016,4.0950
14/06/2016,4.0986
15/06/2016,4.1100
16/06/2016,4.1037
17/06/2016,4.1046
20/06/2016,4.1050
21/06/2016,4.1091
22/06/2016,4.1100
23/06/2016,4.0995
24/06/2016,4.0995
27/06/2016,4.1042
28/06/2016,4.1185
29/06/2016,4.1131
30/06/2016,4.1116
01/07/2016,4.1138
04/07/2016,4.5600
05/07/2016,4.5605
06/07/2016,4.5715
07/07/2016,4.5775
08/07/2016,4.5821
11/07/2016,4.5760
12/07/2016,4.5758
13/07/2016,4.5806
14/07/2016,4.5850
15/07/2016,4.5890
18/07/2016,4.5900
19/07/2016,4.5900
20/07/2016,4.5875
21/07/2016,4.5908
22/07/2016,4.5854
25/07/2016,4.5849
26/07/2016,4.5895
27/07/2016,4.5900
28/07/2016,4.5882
29/07/2016,4.5874
01/08/2016,4.5850
02/08/2016,4.5850
03/08/2016,4.5836
04/08/2016,4.5828
05/08/2016,4.5874
08/08/2016,4.5860
09/08/2016,4.5906
10/08/2016,4.5900
11/08/2016,4.5900
12/08/2016,4.5875
15/08/2016,4.5916
16/08/2016,4.5912
17/08/2016,4.5911
18/08/2016,4.5937
19/08/2016,4.5950
22/08/2016,4.5950
23/08/2016,4.5940
24/08/2016,4.5950
25/08/2016,4.5925
26/08/2016,4.5925
29/08/2016,4.5950
30/08/2016,4.5950
31/08/2016,4.5950
01/09/2016,4.5950
02/09/2016,4.5925
05/09/2016,4.5925
06/09/2016,4.5950
07/09/2016,4.5950
08/09/2016,4.5950
09/09/2016,4.5900
12/09/2016,4.5906
13/09/2016,4.5910
14/09/2016,4.5950
15/09/2016,4.5950
19/09/2016,4.5950
20/09/2016,4.5951
21/09/2016,4.6250
22/09/2016,4.6275
23/09/2016,4.6343
26/09/2016,4.6389
27/09/2016,4.6369
28/09/2016,4.6399
29/09/2016,4.6439
30/09/2016,4.6683
03/10/2016,5.0725
04/10/2016,5.0935
05/10/2016,5.0975
06/10/2016,5.1025
07/10/2016,5.1050
10/10/2016,5.1100
11/10/2016,5.1065
12/10/2016,5.1069
13/10/2016,5.1122
14/10/2016,5.1100
17/10/2016,5.1115
18/10/2016,5.1100
19/10/2016,5.1134
20/10/2016,5.1125
21/10/2016,5.1150
24/10/2016,5.1247
25/10/2016,5.1178
26/10/2016,5.1155
27/10/2016,5.1162
28/10/2016,5.1163
31/10/2016,5.1103
01/11/2016,5.1086
03/11/2016,5.1143
04/11/2016,5.1118
07/11/2016,5.1136
08/11/2016,5.1150
09/11/2016,5.1173
10/11/2016,5.2018
11/11/2016,5.2359
14/11/2016,5.2470
15/11/2016,5.2850
16/11/2016,5.3100
17/11/2016,5.3500
18/11/2016,5.3800
22/11/2016,5.5950
23/11/2016,5.5750
24/11/2016,5.5725
25/11/2016,5.5762
28/11/2016,5.5750
29/11/2016,5.5677
30/11/2016,5.5738
01/12/2016,5.5735
02/12/2016,5.5850
05/12/2016,5.5890
06/12/2016,5.5950
07/12/2016,5.6035
08/12/2016,5.5983
09/12/2016,5.6050
13/12/2016,5.6013
14/12/2016,5.6019
15/12/2016,5.6049
16/12/2016,5.6274
19/12/2016,6.0803
20/12/2016,6.0925
21/12/2016,6.1025
22/12/2016,6.1075
23/12/2016,6.1050
26/12/2016,6.1100
27/12/2016,6.1100
28/12/2016,6.1100
29/12/2016,6.1100
30/12/2016,6.1066
02/01/2017,6.1100
03/01/2017,6.1100
04/01/2017,6.1150
05/01/2017,6.1200
06/01/2017,6.1200
09/01/2017,6.1200
10/01/2017,6.1150
11/01/2017,6.1150
12/01/2017,6.1150
13/01/2017,6.1150
16/01/2017,6.1175
17/01/2017,6.1186
18/01/2017,6.1276
19/01/2017,6.1300
20/01/2017,6.1375
23/01/2017,6.1386
24/01/2017,6.1424
25/01/2017,6.1475
26/01/2017,6.1475
27/01/2017,6.1475
30/01/2017,6.1537
31/01/2017,6.1525
01/02/2017,6.1600
02/02/2017,6.1615
03/02/2017,6.1625
07/02/2017,6.1703
08/02/2017,6.1695
09/02/2017,6.1823
10/02/2017,6.1958
13/02/2017,6.5850
14/02/2017,6.5871
15/02/2017,6.5880
16/02/2017,6.5950
17/02/2017,6.5950
20/02/2017,6.5950
21/02/2017,6.5965
22/02/2017,6.5950
23/02/2017,6.5900
24/02/2017,6.6000
27/02/2017,6.6030
28/02/2017,6.6050
01/03/2017,6.6058
02/03/2017,6.6066
03/03/2017,6.6103
06/03/2017,6.6075
07/03/2017,6.6076
08/03/2017,6.6072
09/03/2017,6.6050
10/03/2017,6.6064
13/03/2017,6.6100
14/03/2017,6.6200
15/03/2017,6.6200
16/03/2017,6.6267
17/03/2017,6.6336
21/03/2017,6.6355
22/03/2017,6.6425
23/03/2017,6.6438
24/03/2017,6.6438
27/03/2017,6.6325
28/03/2017,6.6413
29/03/2017,6.6600
30/03/2017,6.6693
31/03/2017,6.6796
03/04/2017,6.8350
04/04/2017,6.8412
05/04/2017,6.8490
06/04/2017,6.8448
07/04/2017,6.8524
10/04/2017,6.8492
11/04/2017,6.8550
12/04/2017,6.8559
17/04/2017,6.8600
18/04/2017,6.8700
19/04/2017,6.8725
20/04/2017,6.8725
21/04/2017,6.8800
24/04/2017,6.8800
25/04/2017,6.8860
26/04/2017,6.8929
27/04/2017,6.9013
28/04/2017,6.8925
02/05/2017,6.8935
03/05/2017,6.8954
04/05/2017,6.8967
05/05/2017,6.8952
08/05/2017,6.8947
09/05/2017,6.8900
10/05/2017,6.8898
11/05/2017,6.8930
12/05/2017,6.8950
15/05/2017,6.8906
16/05/2017,6.8885
17/05/2017,6.8876
18/05/2017,6.8858
19/05/2017,6.8896
22/05/2017,7.0979
23/05/2017,7.1145
24/05/2017,7.1200
25/05/2017,7.1300
26/05/2017,7.1335
29/05/2017,7.1400
30/05/2017,7.1450
31/05/2017,7.1471
01/06/2017,7.1500
02/06/2017,7.1500
05/06/2017,7.1556
06/06/2017,7.1550
07/06/2017,7.1600
08/06/2017,7.1585
09/06/2017,7.1648
12/06/2017,7.1661
13/06/2017,7.1900
14/06/2017,7.1875
15/06/2017,7.1873
16/06/2017,7.1850
19/06/2017,7.1899
20/06/2017,7.1929
21/06/2017,7.1975
22/06/2017,7.2020
23/06/2017,7.2100
26/06/2017,7.3465
27/06/2017,7.3400
28/06/2017,7.3300
29/06/2017,7.3492
30/06/2017,7.3600
03/07/2017,7.3650
04/07/2017,7.3696
05/07/2017,7.3700
06/07/2017,7.3700
07/07/2017,7.3691
10/07/2017,7.3650
11/07/2017,7.3527
12/07/2017,7.3525
13/07/2017,7.3425
14/07/2017,7.3550
17/07/2017,7.3612
18/07/2017,7.3650
19/07/2017,7.3675
20/07/2017,7.3675
21/07/2017,7.3751
24/07/2017,7.3675
25/07/2017,7.3725
26/07/2017,7.3725
27/07/2017,7.3763
28/07/2017,7.3760
31/07/2017,7.3811
01/08/2017,7.3775
02/08/2017,7.3750
03/08/2017,7.3715
04/08/2017,7.3730
07/08/2017,7.3775
08/08/2017,7.3725
09/08/2017,7.3780
10/08/2017,7.3810
11/08/2017,7.3811
14/08/2017,7.3750
15/08/2017,7.3721
16/08/2017,7.3785
17/08/2017,7.3781
18/08/2017,7.3762
21/08/2017,7.3799
22/08/2017,7.3775
23/08/2017,7.3750
24/08/2017,7.3725
25/08/2017,7.3700
28/08/2017,7.3725
29/08/2017,7.3709
30/08/2017,7.3708
31/08/2017,7.3825
01/09/2017,7.3780
04/09/2017,7.3768
05/09/2017,7.3725
06/09/2017,7.3726
07/09/2017,7.3775
08/09/2017,7.3690
11/09/2017,7.3750
12/09/2017,7.3725
13/09/2017,7.3750
14/09/2017,7.3700
15/09/2017,7.3765
18/09/2017,7.3750
19/09/2017,7.3760
20/09/2017,7.3775
21/09/2017,7.3801
22/09/2017,7.3767
25/09/2017,7.3818
26/09/2017,7.3784
27/09/2017,7.3850
28/09/2017,7.3800
29/09/2017,7.3794
02/10/2017,7.3725
03/10/2017,7.3725
04/10/2017,7.3675
05/10/2017,7.3762
06/10/2017,7.3757
09/10/2017,7.3755
10/10/2017,7.3773
11/10/2017,7.3798
12/10/2017,7.3820
13/10/2017,7.3866
16/10/2017,7.3800
17/10/2017,7.3765
18/10/2017,7.3825
19/10/2017,7.3875
20/10/2017,7.3850
23/10/2017,7.3850
24/10/2017,7.3763
25/10/2017,7.3805
26/10/2017,7.3836
27/10/2017,7.3800
30/10/2017,7.3725
31/10/2017,7.3825
01/11/2017,7.3750
03/11/2017,7.3744
06/11/2017,7.3798
07/11/2017,7.3831
08/11/2017,7.3775
09/11/2017,7.3838
10/11/2017,7.3834
13/11/2017,7.3825
14/11/2017,7.3770
15/11/2017,7.3800
16/11/2017,7.3806
17/11/2017,7.3796
21/11/2017,7.3767
22/11/2017,7.3735
23/11/2017,7.3714
24/11/2017,7.3832
27/11/2017,7.3825
28/11/2017,7.3824
29/11/2017,7.3825
30/11/2017,7.3875
01/12/2017,7.3911
04/12/2017,7.3855
05/12/2017,7.3880
06/12/2017,7.3875
07/12/2017,7.3925
08/12/2017,7.3916
11/12/2017,7.4010
13/12/2017,7.4275
14/12/2017,7.4500
15/12/2017,7.4600
18/12/2017,7.5950
19/12/2017,7.6004
20/12/2017,7.6069
21/12/2017,7.6109
22/12/2017,7.6177
26/12/2017,7.6210
27/12/2017,7.6240
28/12/2017,7.6250
29/12/2017,7.6241
02/01/2018,7.6311
03/01/2018,7.6275
04/01/2018,7.6250
05/01/2018,7.6250
08/01/2018,7.6292
09/01/2018,7.6282
10/01/2018,7.6300
11/01/2018,7.6298
12/01/2018,7.6299
15/01/2018,7.6325
16/01/2018,7.6343
17/01/2018,7.6287
18/01/2018,7.6334
19/01/2018,7.6318
22/01/2018,7.6350
23/01/2018,7.6428
24/01/2018,7.6450
25/01/2018,7.6475
26/01/2018,7.6441
29/01/2018,7.6450
30/01/2018,7.6550
31/01/2018,7.6625
01/02/2018,7.6600
02/02/2018,7.6643
06/02/2018,7.6650
07/02/2018,7.6750
08/02/2018,7.6862
09/02/2018,7.7056
12/02/2018,7.8400
13/02/2018,7.8400
14/02/2018,7.8320
15/02/2018,7.8350
16/02/2018,7.8325
19/02/2018,7.8250
20/02/2018,7.8125
21/02/2018,7.8312
22/02/2018,7.8300
23/02/2018,7.8325
26/02/2018,7.8250
27/02/2018,7.8331
28/02/2018,7.8315
01/03/2018,7.8294
02/03/2018,7.8244
05/03/2018,7.8316
06/03/2018,7.8225
07/03/2018,7.8299
08/03/2018,7.8300
09/03/2018,7.8396
12/03/2018,7.8395
13/03/2018,7.8250
14/03/2018,7.8300
15/03/2018,7.8300
16/03/2018,7.8250
20/03/2018,7.8325
21/03/2018,7.8382
22/03/2018,7.8414
23/03/2018,7.8425
26/03/2018,7.8425
27/03/2018,7.8463
28/03/2018,7.8483
02/04/2018,7.8503
03/04/2018,7.8493
04/04/2018,7.8475
05/04/2018,7.8445
06/04/2018,7.8525
09/04/2018,7.8441
10/04/2018,7.8460
11/04/2018,7.8407
12/04/2018,7.8376
13/04/2018,7.8445
16/04/2018,7.8404
17/04/2018,7.8456
18/04/2018,7.8350
19/04/2018,7.8350
20/04/2018,7.8254
23/04/2018,7.8303
24/04/2018,7.8250
25/04/2018,7.8325
26/04/2018,7.8375
27/04/2018,7.8405
30/04/2018,7.8455
02/05/2018,7.8508
03/05/2018,7.8448
04/05/2018,7.8428
07/05/2018,7.8428
08/05/2018,7.8350
09/05/2018,7.8350
10/05/2018,7.8425
11/05/2018,7.8375
14/05/2018,7.8359
15/05/2018,7.8475
16/05/2018,7.8488
17/05/2018,7.8475
18/05/2018,7.8600
21/05/2018,7.8676
22/05/2018,7.8558
23/05/2018,7.8602
24/05/2018,7.8620
25/05/2018,7.8612
28/05/2018,7.8662
29/05/2018,7.8585
30/05/2018,7.8587
31/05/2018,7.8600
01/06/2018,7.8550
04/06/2018,7.8500
05/06/2018,7.8529
06/06/2018,7.8546
07/06/2018,7.8640
08/06/2018,7.8729
11/06/2018,7.8700
12/06/2018,7.8721
13/06/2018,7.8800
14/06/2018,7.8788
15/06/2018,7.8910
18/06/2018,7.8933
19/06/2018,7.9003
20/06/2018,7.8975
21/06/2018,7.9000
22/06/2018,7.9150
25/06/2018,8.0700
26/06/2018,8.0800
27/06/2018,8.0900
28/06/2018,8.1000
29/06/2018,8.1030
02/07/2018,8.1004
03/07/2018,8.1000
04/07/2018,8.1080
05/07/2018,8.1079
06/07/2018,8.1083
09/07/2018,8.1068
10/07/2018,8.1075
11/07/2018,8.1025
12/07/2018,8.1100
13/07/2018,8.1050
16/07/2018,8.1050
17/07/2018,8.1067
18/07/2018,8.1100
19/07/2018,8.1100
20/07/2018,8.1050
23/07/2018,8.1101
24/07/2018,8.1068
25/07/2018,8.1025
26/07/2018,8.0805
27/07/2018,8.0950
30/07/2018,8.1000
31/07/2018,8.1050
01/08/2018,8.1000
02/08/2018,8.1000
03/08/2018,8.1100
06/08/2018,8.1050
07/08/2018,8.1075
08/08/2018,8.1075
09/08/2018,8.1002
10/08/2018,8.1041
13/08/2018,8.1035
14/08/2018,8.1050
15/08/2018,8.1000
16/08/2018,8.1050
17/08/2018,8.1100
20/08/2018,8.1100
21/08/2018,8.1064
22/08/2018,8.1075
23/08/2018,8.1100
24/08/2018,8.1064
27/08/2018,8.1120
28/08/2018,8.1100
29/08/2018,8.1043
30/08/2018,8.1100
31/08/2018,8.1038
03/09/2018,8.1086
04/09/2018,8.1018
05/09/2018,8.0988
06/09/2018,8.1075
07/09/2018,8.1040
10/09/2018,8.1015
11/09/2018,8.1149
12/09/2018,8.1150
13/09/2018,8.1109
14/09/2018,8.1195
17/09/2018,8.1200
18/09/2018,8.1165
19/09/2018,8.1200
20/09/2018,8.1225
21/09/2018,8.1227
24/09/2018,8.1200
25/09/2018,8.1200
26/09/2018,8.1200
27/09/2018,8.1225
28/09/2018,8.1150
01/10/2018,8.1200
02/10/2018,8.1150
03/10/2018,8.1100
04/10/2018,8.1150
05/10/2018,8.1125
08/10/2018,8.1125
09/10/2018,8.1120
10/10/2018,8.1122
11/10/2018,8.1195
12/10/2018,8.1154
15/10/2018,8.1134
16/10/2018,8.1200
17/10/2018,8.1150
18/10/2018,8.1150
19/10/2018,8.1150
22/10/2018,8.1106
23/10/2018,8.1086
24/10/2018,8.1150
25/10/2018,8.1125
26/10/2018,8.1275
29/10/2018,8.1215
30/10/2018,8.1400
31/10/2018,8.1539
01/11/2018,8.1675
05/11/2018,8.1724
06/11/2018,8.1651
07/11/2018,8.1650
08/11/2018,8.1750
09/11/2018,8.1825
12/11/2018,8.1887
13/11/2018,8.1900
14/11/2018,8.1878
15/11/2018,8.1923
16/11/2018,8.2050
20/11/2018,8.3177
21/11/2018,8.3166
22/11/2018,8.3107
23/11/2018,8.3158
26/11/2018,8.3200
27/11/2018,8.3200
28/11/2018,8.3350
29/11/2018,8.3450
30/11/2018,8.3363
03/12/2018,8.3328
04/12/2018,8.3300
05/12/2018,8.3438
06/12/2018,8.3400
07/12/2018,8.3350
10/12/2018,8.3472
11/12/2018,8.3411
13/12/2018,8.3550
14/12/2018,8.3500
17/12/2018,8.3500
18/12/2018,8.3525
19/12/2018,8.3650
20/12/2018,8.3700
21/12/2018,8.3837
24/12/2018,8.5575
26/12/2018,8.5825
27/12/2018,8.5750
28/12/2018,8.5892
31/12/2018,8.5956
02/01/2019,8.5897
03/01/2019,8.5988
04/01/2019,8.5938
07/01/2019,8.5900
08/01/2019,8.5875
09/01/2019,8.5856
10/01/2019,8.5850
11/01/2019,8.5841
14/01/2019,8.5950
15/01/2019,8.5950
16/01/2019,8.5950
17/01/2019,8.5925
18/01/2019,8.5831
21/01/2019,8.5925
22/01/2019,8.6000
23/01/2019,8.5950
24/01/2019,8.5996
25/01/2019,8.5963
28/01/2019,8.5950
29/01/2019,8.5944
30/01/2019,8.5900
31/01/2019,8.5918
01/02/2019,8.5950
05/02/2019,8.5875
06/02/2019,8.5860
07/02/2019,8.5850
08/02/2019,8.5850
11/02/2019,8.5790
12/02/2019,8.5735
13/02/2019,8.5685
14/02/2019,8.5610
15/02/2019,8.5575
18/02/2019,8.5600
19/02/2019,8.5642
20/02/2019,8.5475
21/02/2019,8.5350
22/02/2019,8.5399
25/02/2019,8.5350
26/02/2019,8.5408
27/02/2019,8.5354
28/02/2019,8.5365
01/03/2019,8.5350
04/03/2019,8.5339
05/03/2019,8.5325
06/03/2019,8.5200
07/03/2019,8.5265
08/03/2019,8.5260
11/03/2019,8.5260
12/03/2019,8.5200
13/03/2019,8.5125
14/03/2019,8.5151
15/03/2019,8.5156
19/03/2019,8.5150
20/03/2019,8.5137
21/03/2019,8.5175
22/03/2019,8.5112
25/03/2019,8.5125
26/03/2019,8.5138
27/03/2019,8.5137
28/03/2019,8.5100
29/03/2019,8.5099
01/04/2019,8.5150
02/04/2019,8.5100
03/04/2019,8.4962
04/04/2019,8.5000
05/04/2019,8.5000
08/04/2019,8.4910
09/04/2019,8.4975
10/04/2019,8.4925
11/04/2019,8.4925
12/04/2019,8.4925
15/04/2019,8.4925
16/04/2019,8.4950
17/04/2019,8.4925
22/04/2019,8.4970
23/04/2019,8.4950
24/04/2019,8.4975
25/04/2019,8.5000
26/04/2019,8.5021
29/04/2019,8.5043
30/04/2019,8.5000
02/05/2019,8.5000
03/05/2019,8.5055
06/05/2019,8.5125
07/05/2019,8.5075
08/05/2019,8.5087
09/05/2019,8.5110
10/05/2019,8.5043
13/05/2019,8.5062
14/05/2019,8.5061
15/05/2019,8.5075
16/05/2019,8.5075
17/05/2019,8.5050
20/05/2019,8.5040
21/05/2019,8.5075
22/05/2019,8.5066
23/05/2019,8.5037
24/05/2019,8.5035
27/05/2019,8.5075
28/05/2019,8.5075
29/05/2019,8.5075
30/05/2019,8.5071
31/05/2019,8.5075
03/06/2019,8.5078
04/06/2019,8.5114
05/06/2019,8.5270
06/06/2019,8.5143
07/06/2019,8.5139
10/06/2019,8.5108
11/06/2019,8.5100
12/06/2019,8.5125
13/06/2019,8.5116
14/06/2019,8.5105
17/06/2019,8.5105
18/06/2019,8.5098
19/06/2019,8.5088
20/06/2019,8.5050
21/06/2019,8.5043
24/06/2019,8.5039
25/06/2019,8.4993
26/06/2019,8.4951
27/06/2019,8.4950
28/06/2019,8.4880
01/07/2019,8.4887
02/07/2019,8.4850
03/07/2019,8.4750
04/07/2019,8.4700
05/07/2019,8.4749
08/07/2019,8.4750
09/07/2019,8.4787
10/07/2019,8.4763
11/07/2019,8.4800
12/07/2019,8.4725
15/07/2019,8.4750
16/07/2019,8.4725
17/07/2019,8.4725
18/07/2019,8.4750
19/07/2019,8.4750
22/07/2019,8.4775
23/07/2019,8.4775
24/07/2019,8.4750
25/07/2019,8.4775
26/07/2019,8.4740
29/07/2019,8.4700
30/07/2019,8.4675
31/07/2019,8.4650
01/08/2019,8.4589
02/08/2019,8.4575
05/08/2019,8.4565
06/08/2019,8.4575
07/08/2019,8.4537
08/08/2019,8.4525
09/08/2019,8.4490
12/08/2019,8.4450
13/08/2019,8.4405
14/08/2019,8.4355
15/08/2019,8.4325
16/08/2019,8.4262
19/08/2019,8.2800
20/08/2019,8.2850
21/08/2019,8.2825
22/08/2019,8.2820
23/08/2019,8.2785
26/08/2019,8.2775
27/08/2019,8.2750
28/08/2019,8.2750
29/08/2019,8.2725
30/08/2019,8.2625
02/09/2019,8.2600
03/09/2019,8.2525
04/09/2019,8.2400
05/09/2019,8.2350
06/09/2019,8.2230
09/09/2019,8.2225
10/09/2019,8.2225
11/09/2019,8.2175
12/09/2019,8.2100
13/09/2019,8.2070
17/09/2019,8.2000
18/09/2019,8.1985
19/09/2019,8.1950
20/09/2019,8.1900
23/09/2019,8.1850
24/09/2019,8.1825
25/09/2019,8.1675
26/09/2019,8.1625
27/09/2019,8.1312
30/09/2019,8.0400
01/10/2019,8.0275
02/10/2019,8.0150
03/10/2019,8.0150
04/10/2019,8.0075
07/10/2019,8.0050
08/10/2019,8.0025
09/10/2019,8.0012
10/10/2019,8.0050
11/10/2019,8.0050
14/10/2019,8.0025
15/10/2019,7.9987
16/10/2019,7.9975
17/10/2019,7.9975
18/10/2019,7.9950
21/10/2019,7.9962
22/10/2019,7.9931
23/10/2019,7.9975
24/10/2019,7.9935
25/10/2019,7.9915
28/10/2019,7.9857
29/10/2019,7.9850
30/10/2019,7.9800
31/10/2019,7.9705
01/11/2019,7.9625
04/11/2019,7.9600
05/11/2019,7.9550
06/11/2019,7.9525
07/11/2019,7.9470
08/11/2019,7.9450
11/11/2019,7.9450
12/11/2019,7.9412
13/11/2019,7.9325
14/11/2019,7.9212
15/11/2019,7.8913
19/11/2019,7.8025
20/11/2019,7.7950
21/11/2019,7.7925
22/11/2019,7.7900
25/11/2019,7.7875
26/11/2019,7.7837
27/11/2019,7.7850
28/11/2019,7.7825
29/11/2019,7.7812
02/12/2019,7.7804
03/12/2019,7.7802
04/12/2019,7.7801
05/12/2019,7.7750
06/12/2019,7.7725
09/12/2019,7.7710
10/12/2019,7.7460
11/12/2019,7.7500
13/12/2019,7.7425
16/12/2019,7.7412
17/12/2019,7.7401
18/12/2019,7.7300
19/12/2019,7.7200
20/12/2019,7.7095
23/12/2019,7.5800
24/12/2019,7.5675
26/12/2019,7.5650
27/12/2019,7.5625
30/12/2019,7.5615
31/12/2019,7.5555
02/01/2020,7.5550
03/01/2020,7.5525
06/01/2020,7.5495
07/01/2020,7.5475
08/01/2020,7.5450
09/01/2020,7.5425
10/01/2020,7.5425
13/01/2020,7.5402
14/01/2020,7.5381
15/01/2020,7.5375
16/01/2020,7.5300
17/01/2020,7.5250
20/01/2020,7.5300
21/01/2020,7.5250
22/01/2020,7.5225
23/01/2020,7.5215
24/01/2020,7.5225
27/01/2020,7.5202
28/01/2020,7.5100
29/01/2020,7.5065
30/01/2020,7.5025
31/01/2020,7.5002
04/02/2020,7.4951
05/02/2020,7.4937
06/02/2020,7.4925
07/02/2020,7.4915
10/02/2020,7.4892
11/02/2020,7.4875
12/02/2020,7.4837
13/02/2020,7.4812
14/02/2020,7.4500
17/02/2020,7.3300
18/02/2020,7.3150
19/02/2020,7.3100
20/02/2020,7.3050
21/02/2020,7.3012
24/02/2020,7.3030
25/02/2020,7.3015
26/02/2020,7.3000
27/02/2020,7.2950
28/02/2020,7.2950
02/03/2020,7.2925
03/03/2020,7.2812
04/03/2020,7.2650
05/03/2020,7.2525
06/03/2020,7.2412
09/03/2020,7.2350
10/03/2020,7.2275
11/03/2020,7.2262
12/03/2020,7.2175
13/03/2020,7.2187
17/03/2020,7.2170
18/03/2020,7.2100
19/03/2020,7.2075
20/03/2020,7.2050
23/03/2020,7.2025
24/03/2020,6.8150
25/03/2020,6.7850
26/03/2020,6.7675
27/03/2020,6.7587
30/03/2020,6.7487
31/03/2020,6.7400
01/04/2020,6.7100
02/04/2020,6.7025
03/04/2020,6.7000
06/04/2020,6.6900
07/04/2020,6.6850
08/04/2020,6.6775
13/04/2020,6.6487
14/04/2020,6.6418
15/04/2020,6.6385
16/04/2020,6.6292
17/04/2020,6.6196
20/04/2020,6.6142
21/04/2020,6.6115
22/04/2020,6.6070
23/04/2020,6.2725
24/04/2020,6.2662
27/04/2020,6.2645
28/04/2020,6.2607
29/04/2020,6.2592
30/04/2020,6.2560
04/05/2020,6.2475
05/05/2020,6.2450
06/05/2020,6.2425
07/05/2020,6.2410
08/05/2020,6.2395
11/05/2020,6.2357
12/05/2020,6.2315
13/05/2020,6.2277
14/05/2020,6.1960
15/05/2020,6.1772
18/05/2020,5.7800
19/05/2020,5.7775
20/05/2020,5.7727
21/05/2020,5.7688
22/05/2020,5.7644
25/05/2020,5.7622
26/05/2020,5.7550
27/05/2020,5.7525
28/05/2020,5.7482
29/05/2020,5.7441
01/06/2020,5.7395
02/06/2020,5.7347
03/06/2020,5.7325
04/06/2020,5.7286
05/06/2020,5.7229
08/06/2020,5.7089
09/06/2020,5.6960
10/06/2020,5.6924
11/06/2020,5.6850
12/06/2020,5.6810
15/06/2020,5.6765
16/06/2020,5.6730
17/06/2020,5.6710
18/06/2020,5.6655
19/06/2020,5.6610
22/06/2020,5.6560
23/06/2020,5.6550
24/06/2020,5.6505
25/06/2020,5.6452
26/06/2020,5.6101
29/06/2020,5.2975
30/06/2020,5.2887
01/07/2020,5.2843
02/07/2020,5.2665
03/07/2020,5.2600
06/07/2020,5.2562
07/07/2020,5.2550
08/07/2020,5.2505
09/07/2020,5.2457
10/07/2020,5.2430
13/07/2020,5.2385
14/07/2020,5.2372
15/07/2020,5.2350
16/07/2020,5.2305
17/07/2020,5.2292
20/07/2020,5.2250
21/07/2020,5.2225
22/07/2020,5.2190
23/07/2020,5.2175
24/07/2020,5.2075
27/07/2020,5.2040
28/07/2020,5.2042
29/07/2020,5.2000
30/07/2020,5.1975
31/07/2020,5.1950
03/08/2020,5.1925
04/08/2020,5.1877
05/08/2020,5.1840
06/08/2020,5.1780
07/08/2020,5.1740
10/08/2020,5.1702
11/08/2020,5.1687
12/08/2020,5.1668
13/08/2020,5.1359
14/08/2020,5.1292
17/08/2020,4.8036
18/08/2020,4.7970
19/08/2020,4.7935
20/08/2020,4.7895
21/08/2020,4.7875
24/08/2020,4.7845
25/08/2020,4.7792
26/08/2020,4.7775
27/08/2020,4.7750
28/08/2020,4.7725
31/08/2020,4.7690
01/09/2020,4.7677
02/09/2020,4.7640
03/09/2020,4.7620
04/09/2020,4.7585
07/09/2020,4.7602
08/09/2020,4.7576
09/09/2020,4.7530
10/09/2020,4.7522
11/09/2020,4.7512
14/09/2020,4.7507
15/09/2020,4.7460
17/09/2020,4.7422
18/09/2020,4.7415
21/09/2020,4.7367
22/09/2020,4.7335
23/09/2020,4.7325
24/09/2020,4.7290
25/09/2020,4.7275
28/09/2020,4.5605
29/09/2020,4.5500
30/09/2020,4.5495
01/10/2020,4.5485
02/10/2020,4.5487
05/10/2020,4.5445
06/10/2020,4.5425
07/10/2020,4.5430
08/10/2020,4.5425
09/10/2020,4.5425
12/10/2020,4.5390
13/10/2020,4.5345
14/10/2020,4.5370
15/10/2020,4.5357
16/10/2020,4.5310
19/10/2020,4.5306
20/10/2020,4.5255
21/10/2020,4.5250
22/10/2020,4.5250
23/10/2020,4.5207
26/10/2020,4.5222
27/10/2020,4.5225
28/10/2020,4.5215
29/10/2020,4.5162
30/10/2020,4.5155
03/11/2020,4.5125
04/11/2020,4.5160
05/11/2020,4.5110
06/11/2020,4.5060
09/11/2020,4.5030
10/11/2020,4.5000
11/11/2020,4.5007
12/11/2020,4.4987
13/11/2020,4.4930
17/11/2020,4.5050
18/11/2020,4.5025
19/11/2020,4.4985
20/11/2020,4.4952
23/11/2020,4.4925
24/11/2020,4.4925
25/11/2020,4.4900
26/11/2020,4.4875
27/11/2020,4.4835
30/11/2020,4.4855
01/12/2020,4.4872
02/12/2020,4.4885
03/12/2020,4.4889
04/12/2020,4.4845
07/12/2020,4.4825
08/12/2020,4.4825
09/12/2020,4.4819
10/12/2020,4.4775
11/12/2020,4.4782
14/12/2020,4.4775
15/12/2020,4.4745
16/12/2020,4.4710
17/12/2020,4.5000
18/12/2020,4.4965
21/12/2020,4.4940
22/12/2020,4.4950
23/12/2020,4.4922
24/12/2020,4.4882
28/12/2020,4.4878
29/12/2020,4.4875
30/12/2020,4.4850
31/12/2020,4.4842
04/01/2021,4.4805
05/01/2021,4.4810
06/01/2021,4.4812
07/01/2021,4.4776
08/01/2021,4.4775
11/01/2021,4.4775
12/01/2021,4.4750
13/01/2021,4.4716
14/01/2021,4.4700
15/01/2021,4.4677
18/01/2021,4.4675
19/01/2021,4.4655
20/01/2021,4.4667
21/01/2021,4.4637
22/01/2021,4.4615
25/01/2021,4.4615
26/01/2021,4.4592
27/01/2021,4.4565
28/01/2021,4.4542
29/01/2021,4.4520
02/02/2021,4.4500
03/02/2021,4.4504
04/02/2021,4.4477
05/02/2021,4.4465
08/02/2021,4.4437
09/02/2021,4.4425
10/02/2021,4.4420
11/02/2021,4.4415
12/02/2021,4.4490
15/02/2021,4.2948
16/02/2021,4.2925
17/02/2021,4.2915
18/02/2021,4.2890
19/02/2021,4.2875
22/02/2021,4.2865
23/02/2021,4.2875
24/02/2021,4.2862
25/02/2021,4.2831
26/02/2021,4.2825
01/03/2021,4.2812
02/03/2021,4.2825
03/03/2021,4.2813
04/03/2021,4.2825
05/03/2021,4.2825
08/03/2021,4.2820
09/03/2021,4.2850
10/03/2021,4.2840
11/03/2021,4.2845
12/03/2021,4.2845
16/03/2021,4.2830
17/03/2021,4.2825
18/03/2021,4.2812
19/03/2021,4.2812
22/03/2021,4.2850
23/03/2021,4.2837
24/03/2021,4.2825
25/03/2021,4.2825
26/03/2021,4.2830
29/03/2021,4.2862
30/03/2021,4.2850
31/03/2021,4.2875
05/04/2021,4.2875
06/04/2021,4.2880
07/04/2021,4.2885
08/04/2021,4.2875
09/04/2021,4.2875
12/04/2021,4.2885
13/04/2021,4.2875
14/04/2021,4.2885
15/04/2021,4.2850
16/04/2021,4.2831
19/04/2021,4.2815
20/04/2021,4.2825
21/04/2021,4.2829
22/04/2021,4.2810
23/04/2021,4.2810
26/04/2021,4.2825
27/04/2021,4.2810
28/04/2021,4.2810
29/04/2021,4.2810
30/04/2021,4.2830
03/05/2021,4.2850
04/05/2021,4.2852
05/05/2021,4.2860
06/05/2021,4.2840
07/05/2021,4.2837
10/05/2021,4.2837
11/05/2021,4.2850
12/05/2021,4.2875
13/05/2021,4.2872
14/05/2021,4.2897
17/05/2021,4.2900
18/05/2021,4.2892
19/05/2021,4.2890
20/05/2021,4.2885
21/05/2021,4.2745
24/05/2021,4.2815
25/05/2021,4.2824
26/05/2021,4.2815
27/05/2021,4.2850
28/05/2021,4.2850
31/05/2021,4.2840
01/06/2021,4.2830
02/06/2021,4.2825
03/06/2021,4.2825
04/06/2021,4.2810
07/06/2021,4.2822
08/06/2021,4.2815
09/06/2021,4.2850
10/06/2021,4.2827
11/06/2021,4.2820
14/06/2021,4.2850
15/06/2021,4.2859
16/06/2021,4.2875
17/06/2021,4.2850
18/06/2021,4.2855
21/06/2021,4.2856
22/06/2021,4.2850
23/06/2021,4.2850
24/06/2021,4.2827
25/06/2021,4.2863
28/06/2021,4.5200
29/06/2021,4.5300
30/06/2021,4.5292
01/07/2021,4.5290
02/07/2021,4.5290
05/07/2021,4.5265
06/07/2021,4.5265
07/07/2021,4.5245
08/07/2021,4.5240
09/07/2021,4.5235
12/07/2021,4.5250
13/07/2021,4.5240
14/07/2021,4.5225
15/07/2021,4.5245
16/07/2021,4.5227
19/07/2021,4.5215
20/07/2021,4.5215
21/07/2021,4.4922
22/07/2021,4.5055
23/07/2021,4.5140
26/07/2021,4.5140
27/07/2021,4.5130
28/07/2021,4.5125
29/07/2021,4.5150
30/07/2021,4.5142
02/08/2021,4.5135
03/08/2021,4.5125
04/08/2021,4.5140
05/08/2021,4.5125
06/08/2021,4.5133
09/08/2021,4.5115
10/08/2021,4.5125
11/08/2021,4.5147
12/08/2021,4.5200
13/08/2021,4.5315
16/08/2021,4.7525
17/08/2021,4.7532
18/08/2021,4.7528
19/08/2021,4.7550
20/08/2021,4.7575
23/08/2021,4.7587
24/08/2021,4.7550
25/08/2021,4.7544
26/08/2021,4.7545
27/08/2021,4.7502
30/08/2021,4.7500
31/08/2021,4.7510
01/09/2021,4.7490
02/09/2021,4.7502
03/09/2021,4.7455
06/09/2021,4.7425
07/09/2021,4.7436
08/09/2021,4.7471
09/09/2021,4.7485
10/09/2021,4.7445
13/09/2021,4.7450
14/09/2021,4.7425
15/09/2021,4.7450
17/09/2021,4.7450
20/09/2021,4.7450
21/09/2021,4.7440
22/09/2021,4.7445
23/09/2021,4.7475
24/09/2021,4.7475
27/09/2021,4.7465
28/09/2021,4.7475
29/09/2021,4.7487
30/09/2021,4.7490
01/10/2021,4.7515
04/10/2021,4.9650
05/10/2021,4.9825
06/10/2021,4.9850
07/10/2021,4.9875
08/10/2021,4.9825
11/10/2021,4.9850
12/10/2021,4.9862
13/10/2021,4.9825
14/10/2021,4.9857
15/10/2021,4.9806
18/10/2021,4.9855
19/10/2021,4.9875
20/10/2021,4.9825
21/10/2021,4.9825
22/10/2021,4.9912
25/10/2021,4.9925
26/10/2021,4.9950
27/10/2021,4.9950
28/10/2021,4.9950
29/10/2021,4.9962
01/11/2021,4.9975
03/11/2021,5.0004
04/11/2021,5.0022
05/11/2021,4.9754
08/11/2021,4.9902
09/11/2021,4.9950
10/11/2021,4.9975
11/11/2021,4.9987
12/11/2021,5.0010
16/11/2021,5.2200
17/11/2021,5.2300
18/11/2021,5.2290
19/11/2021,5.2335
22/11/2021,5.2362
23/11/2021,5.2368
24/11/2021,5.2375
25/11/2021,5.2350
26/11/2021,5.2350
29/11/2021,5.2325
30/11/2021,5.2275
01/12/2021,5.2275
02/12/2021,5.2310
03/12/2021,5.2315
06/12/2021,5.2270
07/12/2021,5.2325
08/12/2021,5.2372
09/12/2021,5.2350
10/12/2021,5.2400
13/12/2021,5.2362
14/12/2021,5.2377
15/12/2021,5.2389
16/12/2021,5.2382
17/12/2021,5.2491
20/12/2021,5.7000
21/12/2021,5.7100
22/12/2021,5.7100
23/12/2021,5.7120
24/12/2021,5.7122
27/12/2021,5.7135
28/12/2021,5.7140
29/12/2021,5.7157
30/12/2021,5.7150
31/12/2021,5.7150
03/01/2022,5.7150
04/01/2022,5.7175
05/01/2022,5.7165
06/01/2022,5.7180
07/01/2022,5.7185
10/01/2022,5.7190
11/01/2022,5.7190
12/01/2022,5.7210
13/01/2022,5.7225
14/01/2022,5.7225
17/01/2022,5.7215
18/01/2022,5.7220
19/01/2022,5.7225
20/01/2022,5.7262
21/01/2022,5.7280
24/01/2022,5.7277
25/01/2022,5.7298
26/01/2022,5.7319
27/01/2022,5.7330
28/01/2022,5.7330
31/01/2022,5.7340
01/02/2022,5.7365
02/02/2022,5.7380
03/02/2022,5.7390
04/02/2022,5.7415
08/02/2022,5.7420
09/02/2022,5.7450
10/02/2022,5.7450
11/02/2022,5.7537
14/02/2022,6.2012
15/02/2022,6.2256
16/02/2022,6.2325
17/02/2022,6.2375
18/02/2022,6.2325
21/02/2022,6.2275
22/02/2022,6.2250
23/02/2022,6.2250
24/02/2022,6.2210
25/02/2022,6.2280
28/02/2022,6.2340
01/03/2022,6.2367
02/03/2022,6.2395
03/03/2022,6.2410
04/03/2022,6.2362
07/03/2022,6.2315
08/03/2022,6.2300
09/03/2022,6.2300
10/03/2022,6.2350
11/03/2022,6.2375
14/03/2022,6.2375
15/03/2022,6.2425
16/03/2022,6.2487
17/03/2022,6.2523
18/03/2022,6.2600
22/03/2022,6.2625
23/03/2022,6.2750
24/03/2022,6.2825
25/03/2022,6.2912
28/03/2022,6.7175
29/03/2022,6.7237
30/03/2022,6.7265
31/03/2022,6.7265
01/04/2022,6.7225
04/04/2022,6.7210
05/04/2022,6.7225
06/04/2022,6.7210
07/04/2022,6.7255
08/04/2022,6.7277
11/04/2022,6.7285
12/04/2022,6.7260
13/04/2022,6.7300
18/04/2022,6.7345
19/04/2022,6.7370
20/04/2022,6.7304
21/04/2022,6.7300
22/04/2022,6.7350
25/04/2022,6.7325
26/04/2022,6.7400
27/04/2022,6.7450
28/04/2022,6.7450
29/04/2022,6.7506
02/05/2022,6.7525
03/05/2022,6.7570
04/05/2022,6.7556
05/05/2022,6.7603
06/05/2022,6.7650
09/05/2022,6.7650
10/05/2022,6.7725
11/05/2022,6.7950
12/05/2022,6.8075
13/05/2022,6.8199
16/05/2022,7.2350
17/05/2022,7.2180
18/05/2022,7.2087
19/05/2022,7.2050
20/05/2022,7.2030
23/05/2022,7.2020
24/05/2022,7.2075
25/05/2022,7.2187
26/05/2022,7.2107
27/05/2022,7.2070
30/05/2022,7.2150
31/05/2022,7.2225
01/06/2022,7.2250
02/06/2022,7.2300
03/06/2022,7.2355
06/06/2022,7.2335
07/06/2022,7.2420
08/06/2022,7.2465
09/06/2022,7.2627
10/06/2022,7.2670
13/06/2022,7.2715
14/06/2022,7.2800
15/06/2022,7.2855
16/06/2022,7.3025
17/06/2022,7.3225
20/06/2022,7.3300
21/06/2022,7.3375
22/06/2022,7.3550
23/06/2022,7.3775
24/06/2022,7.3913
27/06/2022,8.0125
28/06/2022,8.0180
29/06/2022,8.0255
30/06/2022,8.0245
01/07/2022,8.0303
04/07/2022,8.0320
05/07/2022,8.0250
06/07/2022,8.0303
07/07/2022,8.0320
08/07/2022,8.0300
11/07/2022,8.0315
12/07/2022,8.0375
13/07/2022,8.0300
14/07/2022,8.0365
15/07/2022,8.0350
18/07/2022,8.0245
19/07/2022,8.0200
20/07/2022,8.0300
21/07/2022,8.0400
22/07/2022,8.0450
25/07/2022,8.0445
26/07/2022,8.0440
27/07/2022,8.0500
28/07/2022,8.0600
29/07/2022,8.0750
01/08/2022,8.0800
02/08/2022,8.0912
03/08/2022,8.1050
04/08/2022,8.1074
05/08/2022,8.1187
08/08/2022,8.1190
09/08/2022,8.1225
10/08/2022,8.1312
11/08/2022,8.1624
12/08/2022,8.1787
15/08/2022,8.7750
16/08/2022,8.7612
17/08/2022,8.7706
18/08/2022,8.7680
19/08/2022,8.7728
22/08/2022,8.7763
23/08/2022,8.7810
24/08/2022,8.7830
25/08/2022,8.8000
26/08/2022,8.8080
29/08/2022,8.8120
30/08/2022,8.8148
31/08/2022,8.8163
01/09/2022,8.8210
02/09/2022,8.8235
05/09/2022,8.8200
06/09/2022,8.8177
07/09/2022,8.8196
08/09/2022,8.8350
09/09/2022,8.8430
12/09/2022,8.8527
13/09/2022,8.8599
14/09/2022,8.8699
15/09/2022,8.8787
19/09/2022,8.8912
20/09/2022,8.9006
21/09/2022,8.9150
22/09/2022,8.9275
23/09/2022,8.9395
26/09/2022,8.9509
27/09/2022,8.9585
28/09/2022,8.9792
29/09/2022,8.9896
30/09/2022,9.0200
03/10/2022,9.5350
04/10/2022,9.5366
05/10/2022,9.5453
06/10/2022,9.5515
07/10/2022,9.5451
10/10/2022,9.5465
11/10/2022,9.5450
12/10/2022,9.5515
13/10/2022,9.5595
14/10/2022,9.5635
17/10/2022,9.5655
18/10/2022,9.5665
19/10/2022,9.5670
20/10/2022,9.5663
21/10/2022,9.5670
24/10/2022,9.5675
25/10/2022,9.5750
26/10/2022,9.5840
27/10/2022,9.5910
28/10/2022,9.5900
31/10/2022,9.5940
01/11/2022,9.5960
03/11/2022,9.5970
04/11/2022,9.6060
07/11/2022,9.6120
08/11/2022,9.6125
09/11/2022,9.6200
10/11/2022,9.6300
11/11/2022,9.6500
14/11/2022,10.2200
15/11/2022,10.2350
16/11/2022,10.2457
17/11/2022,10.2400
18/11/2022,10.2395
22/11/2022,10.2495
23/11/2022,10.2487
24/11/2022,10.2599
25/11/2022,10.2694
28/11/2022,10.2749
29/11/2022,10.2857
30/11/2022,10.2875
01/12/2022,10.2935
02/12/2022,10.2987
05/12/2022,10.3090
06/12/2022,10.3162
07/12/2022,10.3249
08/12/2022,10.3287
09/12/2022,10.3343
13/12/2022,10.3471
14/12/2022,10.3535
15/12/2022,10.3612
16/12/2022,10.3737
19/12/2022,10.7125
20/12/2022,10.7150
21/12/2022,10.7220
22/12/2022,10.7359
23/12/2022,10.7375
26/12/2022,10.7472
27/12/2022,10.7450
28/12/2022,10.7545
29/12/2022,10.7620
30/12/2022,10.7605
02/01/2023,10.7700
03/01/2023,10.7775
04/01/2023,10.7770
05/01/2023,10.7663
06/01/2023,10.7680
09/01/2023,10.7690
10/01/2023,10.7745
11/01/2023,10.7675
12/01/2023,10.7675
13/01/2023,10.7675
16/01/2023,10.7600
17/01/2023,10.7750
18/01/2023,10.7775
19/01/2023,10.7872
20/01/2023,10.7885
23/01/2023,10.7899
24/01/2023,10.7924
25/01/2023,10.7910
26/01/2023,10.7965
27/01/2023,10.7955
30/01/2023,10.8050
31/01/2023,10.8162
01/02/2023,10.8125
02/02/2023,10.8274
03/02/2023,10.8335
07/02/2023,10.8449
08/02/2023,10.8512
09/02/2023,10.8605
10/02/2023,10.8800
13/02/2023,11.2275
14/02/2023,11.2349
15/02/2023,11.2370
16/02/2023,11.2430
17/02/2023,11.2410
20/02/2023,11.2450
21/02/2023,11.2545
22/02/2023,11.2642
23/02/2023,11.2604
24/02/2023,11.2700
27/02/2023,11.2750
28/02/2023,11.2655
01/03/2023,11.2740
02/03/2023,11.2675
03/03/2023,11.2775
06/03/2023,11.2823
07/03/2023,11.2850
08/03/2023,11.2960
09/03/2023,11.2962
10/03/2023,11.3080
13/03/2023,11.3140
14/03/2023,11.3195
15/03/2023,11.3245
16/03/2023,11.3372
17/03/2023,11.3474
21/03/2023,11.3500
22/03/2023,11.3550
23/03/2023,11.3650
24/03/2023,11.3749
27/03/2023,11.3874
28/03/2023,11.3986
29/03/2023,11.4035
30/03/2023,11.4149
31/03/2023,11.4274
03/04/2023,11.5200
04/04/2023,11.5195
05/04/2023,11.5175
10/04/2023,11.5267
11/04/2023,11.5175
12/04/2023,11.5175
13/04/2023,11.5255
14/04/2023,11.5345
17/04/2023,11.5390
18/04/2023,11.5353
19/04/2023,11.5370
20/04/2023,11.5329
21/04/2023,11.5293
24/04/2023,11.5253
25/04/2023,11.5250
26/04/2023,11.5265
27/04/2023,11.5357
28/04/2023,11.5445
02/05/2023,11.5499
03/05/2023,11.5490
04/05/2023,11.5540
05/05/2023,11.5669
08/05/2023,11.5625
09/05/2023,11.5620
10/05/2023,11.5652
11/05/2023,11.5538
12/05/2023,11.5523
15/05/2023,11.5493
16/05/2023,11.5384
17/05/2023,11.5375
18/05/2023,11.5250
19/05/2023,11.5260
22/05/2023,11.5213
23/05/2023,11.5150
24/05/2023,11.5135
25/05/2023,11.5100
26/05/2023,11.5135
29/05/2023,11.5017
30/05/2023,11.5090
31/05/2023,11.5057
01/06/2023,11.4966
02/06/2023,11.5040
05/06/2023,11.5033
06/06/2023,11.5000
07/06/2023,11.4980
08/06/2023,11.5015
09/06/2023,11.5090
12/06/2023,11.5125
13/06/2023,11.5075
14/06/2023,11.4975
15/06/2023,11.4995
16/06/2023,11.4980
19/06/2023,11.5032
20/06/2023,11.4995
21/06/2023,11.5067
22/06/2023,11.5045
23/06/2023,11.5000
26/06/2023,11.5080
27/06/2023,11.5005
28/06/2023,11.4855
29/06/2023,11.4962
30/06/2023,11.4925
03/07/2023,11.4980
04/07/2023,11.5030
05/07/2023,11.5030
06/07/2023,11.5080
07/07/2023,11.5105
10/07/2023,11.5002
11/07/2023,11.4904
12/07/2023,11.4950
13/07/2023,11.4925
14/07/2023,11.4900
17/07/2023,11.4865
18/07/2023,11.4900
19/07/2023,11.4915
20/07/2023,11.5000
21/07/2023,11.5050
24/07/2023,11.5037
25/07/2023,11.5084
26/07/2023,11.5054
27/07/2023,11.5095
28/07/2023,11.5140
31/07/2023,11.5135
01/08/2023,11.5080
02/08/2023,11.5105
03/08/2023,11.5053
04/08/2023,11.5050
07/08/2023,11.5025
08/08/2023,11.5000
09/08/2023,11.4940
10/08/2023,11.5005
11/08/2023,11.4940
14/08/2023,11.4975
15/08/2023,11.4850
16/08/2023,11.4850
17/08/2023,11.5000
18/08/2023,11.4925
21/08/2023,11.4925
22/08/2023,11.4975
23/08/2023,11.5050
24/08/2023,11.4975
25/08/2023,11.4940
28/08/2023,11.5062
29/08/2023,11.5055
30/08/2023,11.5079
31/08/2023,11.5090
01/09/2023,11.5070
04/09/2023,11.5060
05/09/2023,11.5019
06/09/2023,11.4972
07/09/2023,11.5010
08/09/2023,11.5000
11/09/2023,11.5012
12/09/2023,11.5055
13/09/2023,11.5004
14/09/2023,11.5050
15/09/2023,11.5075
18/09/2023,11.5060
19/09/2023,11.5055
20/09/2023,11.5075
21/09/2023,11.5037
22/09/2023,11.5065
25/09/2023,11.5055
26/09/2023,11.4990
27/09/2023,11.4995
28/09/2023,11.5041
29/09/2023,11.4983
02/10/2023,11.5028
03/10/2023,11.5000
04/10/2023,11.4985
05/10/2023,11.4983
06/10/2023,11.4979
09/10/2023,11.4977
10/10/2023,11.5000
11/10/2023,11.5010
12/10/2023,11.5020
13/10/2023,11.5022
16/10/2023,11.5045
17/10/2023,11.5060
18/10/2023,11.5065
19/10/2023,11.5070
20/10/2023,11.5070
23/10/2023,11.5070
24/10/2023,11.5070
25/10/2023,11.5070
26/10/2023,11.5047
27/10/2023,11.5060
30/10/2023,11.5065
31/10/2023,11.5045
01/11/2023,11.5035
03/11/2023,11.5055
06/11/2023,11.5065
07/11/2023,11.5070
08/11/2023,11.5070
09/11/2023,11.5070
10/11/2023,11.5070
13/11/2023,11.5070
14/11/2023,11.5064
15/11/2023,11.5055
16/11/2023,11.5051
17/11/2023,11.5050
21/11/2023,11.5037
22/11/2023,11.5040
23/11/2023,11.5040
24/11/2023,11.5040
27/11/2023,11.5040
28/11/2023,11.5032
29/11/2023,11.5040
30/11/2023,11.5041
01/12/2023,11.5033
04/12/2023,11.5040
05/12/2023,11.5051
06/12/2023,11.5038
07/12/2023,11.5040
08/12/2023,11.5040
11/12/2023,11.5060
13/12/2023,11.5075
14/12/2023,11.5060
15/12/2023,11.5043
18/12/2023,11.5040
19/12/2023,11.5040
20/12/2023,11.5025
21/12/2023,11.5025
22/12/2023,11.5025
26/12/2023,11.5037
27/12/2023,11.5050
28/12/2023,11.5040
29/12/2023,11.5035
02/01/2024,11.5025
03/01/2024,11.5022
04/01/2024,11.5025
05/01/2024,11.5025
08/01/2024,11.5025
09/01/2024,11.5025
10/01/2024,11.5025
11/01/2024,11.5025
12/01/2024,11.5025
15/01/2024,11.4975
16/01/2024,11.5002
17/01/2024,11.4988
18/01/2024,11.5006
19/01/2024,11.5010
22/01/2024,11.5017
23/01/2024,11.4985
24/01/2024,11.5002
25/01/2024,11.5015
26/01/2024,11.4995
29/01/2024,11.4985
30/01/2024,11.4990
31/01/2024,11.5000
01/02/2024,11.5012
02/02/2024,11.4993
06/02/2024,11.4984
07/02/2024,11.4980
08/02/2024,11.4990
09/02/2024,11.4982
12/02/2024,11.4995
13/02/2024,11.5007
14/02/2024,11.4966
15/02/2024,11.4983
16/02/2024,11.4954
19/02/2024,11.4950
20/02/2024,11.4950
21/02/2024,11.4925
22/02/2024,11.4962
23/02/2024,11.4925
26/02/2024,11.4925
27/02/2024,11.4891
28/02/2024,11.4900
29/02/2024,11.4875
01/03/2024,11.4937
04/03/2024,11.4850
05/03/2024,11.4775
06/03/2024,11.4850
07/03/2024,11.4850
08/03/2024,11.4859
11/03/2024,11.4825
12/03/2024,11.4724
13/03/2024,11.4748
14/03/2024,11.4700
15/03/2024,11.4750
19/03/2024,11.4775
20/03/2024,11.4775
21/03/2024,11.4800
22/03/2024,11.4799
25/03/2024,11.2450
26/03/2024,11.2470
27/03/2024,11.2475
01/04/2024,11.2485
02/04/2024,11.2490
03/04/2024,11.2475
04/04/2024,11.2475
05/04/2024,11.2485
08/04/2024,11.2485
09/04/2024,11.2490
10/04/2024,11.2492
11/04/2024,11.2490
12/04/2024,11.2502
15/04/2024,11.2488
16/04/2024,11.2407
17/04/2024,11.2445
18/04/2024,11.2450
19/04/2024,11.2465
22/04/2024,11.2450
23/04/2024,11.2450
24/04/2024,11.2450
25/04/2024,11.2450
26/04/2024,11.2450
29/04/2024,11.2450
